<?xml version="1.0"?>
<!--<!DOCTYPE metadata SYSTEM "http://www.esri.com/metadata/esriprof80.dtd">-->
<metadata xml:lang="pt"><Esri><CreaDate>20120521</CreaDate><CreaTime>14061300</CreaTime><SyncOnce>TRUE</SyncOnce><DataProperties><lineage><Process ToolSource="C:\Arquivos de programas\ArcGIS\ArcToolbox\Toolboxes\Data Management Tools.tbx\DefineProjection" Date="20120426" Time="142227">DefineProjection 2005_carga_pass GEOGCS['GCS_South_American_1969',DATUM['D_South_American_1969',SPHEROID['GRS_1967_Truncated',6378160.0,298.25]],PRIMEM['Greenwich',0.0],UNIT['Degree',0.0174532925199433]] 2005_carga_pass</Process></lineage></DataProperties><MetaID>{93734FBE-ACD9-46DB-B15E-34224107E23A}</MetaID></Esri><idinfo><citation><citeinfo><onlink Sync="TRUE"></onlink></citeinfo></citation></idinfo><distInfo><distributor><distorTran><onLineSrc><linkage Sync="TRUE">file://</linkage><protocol Sync="TRUE">Local Area Network</protocol></onLineSrc></distorTran></distributor></distInfo><dataqual><lineage><procstep><procdesc Sync="TRUE">Dataset copied.</procdesc><srcused Sync="TRUE"></srcused><procdate Sync="TRUE">20120502</procdate><proctime Sync="TRUE">11152700</proctime></procstep><procstep><procdesc Sync="TRUE">Dataset copied.</procdesc><srcused Sync="TRUE"></srcused><procdate Sync="TRUE">20120521</procdate><proctime Sync="TRUE">14061300</proctime></procstep></lineage></dataqual></metadata>
