<?xml version="1.0"?>
<!--<!DOCTYPE metadata SYSTEM "http://www.esri.com/metadata/esriprof80.dtd">-->
<metadata xml:lang="pt"><Esri><MetaID>{4E9A3362-83C1-499C-93DA-B1CFF318B4F0}</MetaID><CreaDate>20120413</CreaDate><CreaTime>10113700</CreaTime><SyncOnce>TRUE</SyncOnce><DataProperties><lineage><Process ToolSource="C:\Arquivos de programas\ArcGIS\ArcToolbox\Toolboxes\Data Management Tools.tbx\DefineProjection" Date="20120413" Time="101137">DefineProjection sem_dados GEOGCS['GCS_South_American_1969',DATUM['D_South_American_1969',SPHEROID['GRS_1967_Truncated',6378160.0,298.25]],PRIMEM['Greenwich',0.0],UNIT['Degree',0.0174532925199433]] sem_dados</Process></lineage></DataProperties></Esri></metadata>
